name,topic,男被_男性実_なし,男被_男性実_あり,女被_女性実_なし,女被_女性実_あり,男被_女性実_なし,男被_女性実_あり,女被_男性実_なし,女被_男性実_あり
久保田翔帆,好きな食べ物,,,,,,,13.0,
久保田翔帆,映画,,,,,,,,13.0
久保田翔帆,行ってよかった場所,,,18.0,,,,,
久保田翔帆,趣味,,,,20.0,,,,
伊藤駿之介,好きな食べ物,15.0,,,,,,,
伊藤駿之介,映画,,14.0,,,,,,
伊藤駿之介,行ってよかった場所,,,,,9.0,,,
伊藤駿之介,趣味,,,,,,12.0,,
利光唯,好きな食べ物,,,,,,,17.0,
利光唯,映画,,,,,,,,13.0
利光唯,行ってよかった場所,,,11.0,,,,,
利光唯,趣味,,,,13.0,,,,
北村佳資,好きな食べ物,13.0,,,,,,,
北村佳資,映画,,8.0,,,,,,
北村佳資,行ってよかった場所,,,,,15.0,,,
北村佳資,趣味,,,,,,15.0,,
北野安樹子,好きな食べ物,,,,,,,14.0,
北野安樹子,映画,,,,,,,,15.0
北野安樹子,行ってよかった場所,,,16.0,,,,,
北野安樹子,趣味,,,,19.0,,,,
小島夏美,好きな食べ物,,,,,,,13.0,
小島夏美,映画,,,,,,,,17.0
小島夏美,行ってよかった場所,,,14.0,,,,,
小島夏美,趣味,,,,13.0,,,,
小西真結,好きな食べ物,,,,,,,14.0,
小西真結,映画,,,,,,,,17.0
小西真結,行ってよかった場所,,,15.0,,,,,
小西真結,趣味,,,,15.0,,,,
日野快人,好きな食べ物,14.0,,,,,,,
日野快人,映画,,10.0,,,,,,
日野快人,行ってよかった場所,,,,,13.0,,,
日野快人,趣味,,,,,,12.0,,
本多快,好きな食べ物,13.0,,,,,,,
本多快,映画,,13.0,,,,,,
本多快,行ってよかった場所,,,,,15.0,,,
本多快,趣味,,,,,,13.0,,
杉江鎌,好きな食べ物,19.0,,,,,,,
杉江鎌,映画,,17.0,,,,,,
杉江鎌,行ってよかった場所,,,,,16.0,,,
杉江鎌,趣味,,,,,,17.0,,
横山秀侑,好きな食べ物,11.0,,,,,,,
横山秀侑,映画,,16.0,,,,,,
横山秀侑,行ってよかった場所,,,,,16.0,,,
横山秀侑,趣味,,,,,,11.0,,
池田滉成,好きな食べ物,18.0,,,,,,,
池田滉成,映画,,19.0,,,,,,
池田滉成,行ってよかった場所,,,,,22.0,,,
池田滉成,趣味,,,,,,23.0,,
清水拓海,好きな食べ物,17.0,,,,,,,
清水拓海,映画,,11.0,,,,,,
清水拓海,行ってよかった場所,,,,,15.0,,,
清水拓海,趣味,,,,,,13.0,,
渡辺怜,好きな食べ物,,,,,,,13.0,
渡辺怜,映画,,,,,,,,13.0
渡辺怜,行ってよかった場所,,,18.0,,,,,
渡辺怜,趣味,,,,14.0,,,,
細見涼乃,好きな食べ物,,,,,,,18.0,
細見涼乃,映画,,,,,,,,12.0
細見涼乃,行ってよかった場所,,,17.0,,,,,
細見涼乃,趣味,,,,20.0,,,,
葭田桃花,好きな食べ物,,,,,,,16.0,
葭田桃花,映画,,,,,,,,15.0
葭田桃花,行ってよかった場所,,,20.0,,,,,
葭田桃花,趣味,,,,20.0,,,,
西岡謙介,好きな食べ物,15.0,,,,,,,
西岡謙介,映画,,18.0,,,,,,
西岡謙介,行ってよかった場所,,,,,18.0,,,
西岡謙介,趣味,,,,,,18.0,,
谷川舞桜,好きな食べ物,,,,,,,15.0,
谷川舞桜,映画,,,,,,,,18.0
谷川舞桜,行ってよかった場所,,,15.0,,,,,
谷川舞桜,趣味,,,,14.0,,,,
飛澤佑季,好きな食べ物,20.0,,,,,,,
飛澤佑季,映画,,10.0,,,,,,
飛澤佑季,行ってよかった場所,,,,,17.0,,,
飛澤佑季,趣味,,,,,,17.0,,
﨑谷瑠愛,好きな食べ物,,,,,,,16.0,
﨑谷瑠愛,映画,,,,,,,,15.0
﨑谷瑠愛,行ってよかった場所,,,14.0,,,,,
﨑谷瑠愛,趣味,,,,13.0,,,,
