氏名,experimenter_gender,present,absent,diff,participant_gender,natural_num,agency,ownership,selfrep
久保田翔帆,女性,20.0,18.0,2.0,女,0,5.75,4.25,5.5
久保田翔帆,男性,13.0,13.0,0.0,女,1,5.75,4.25,5.5
伊藤駿之介,女性,12.0,9.0,3.0,男,1,5.75,6.25,6.5
伊藤駿之介,男性,14.0,15.0,-1.0,男,0,5.75,6.25,6.5
利光唯,女性,13.0,11.0,2.0,女,0,2.25,3.5,5.0
利光唯,男性,13.0,17.0,-4.0,女,1,2.25,3.5,5.0
北村佳資,女性,15.0,15.0,0.0,男,1,3.75,3.75,3.5
北村佳資,男性,8.0,13.0,-5.0,男,0,3.75,3.75,3.5
北野安樹子,女性,19.0,16.0,3.0,女,0,6.75,6.5,6.0
北野安樹子,男性,15.0,14.0,1.0,女,1,6.75,6.5,6.0
小島夏美,女性,13.0,14.0,-1.0,女,0,4.5,5.75,6.0
小島夏美,男性,17.0,13.0,4.0,女,1,4.5,5.75,6.0
小西真結,女性,15.0,15.0,0.0,女,0,5.5,5.0,3.0
小西真結,男性,17.0,14.0,3.0,女,1,5.5,5.0,3.0
日野快人,女性,12.0,13.0,-1.0,男,1,5.0,4.0,5.5
日野快人,男性,10.0,14.0,-4.0,男,0,5.0,4.0,5.5
本多快,女性,13.0,15.0,-2.0,男,1,6.0,6.75,6.0
本多快,男性,13.0,13.0,0.0,男,0,6.0,6.75,6.0
杉江鎌,女性,17.0,16.0,1.0,男,1,6.75,6.0,7.0
杉江鎌,男性,17.0,19.0,-2.0,男,0,6.75,6.0,7.0
横山秀侑,女性,11.0,16.0,-5.0,男,1,5.75,4.0,6.0
横山秀侑,男性,16.0,11.0,5.0,男,0,5.75,4.0,6.0
池田滉成,女性,23.0,22.0,1.0,男,1,5.5,5.5,5.0
池田滉成,男性,19.0,18.0,1.0,男,0,5.5,5.5,5.0
清水拓海,女性,13.0,15.0,-2.0,男,1,4.75,3.25,5.0
清水拓海,男性,11.0,17.0,-6.0,男,0,4.75,3.25,5.0
渡辺怜,女性,14.0,18.0,-4.0,女,0,6.75,6.5,6.5
渡辺怜,男性,13.0,13.0,0.0,女,1,6.75,6.5,6.5
細見涼乃,女性,20.0,17.0,3.0,女,0,4.75,3.25,7.0
細見涼乃,男性,12.0,18.0,-6.0,女,1,4.75,3.25,7.0
葭田桃花,女性,20.0,20.0,0.0,女,0,5.5,4.75,5.5
葭田桃花,男性,15.0,16.0,-1.0,女,1,5.5,4.75,5.5
西岡謙介,女性,18.0,18.0,0.0,男,1,6.5,3.75,4.5
西岡謙介,男性,18.0,15.0,3.0,男,0,6.5,3.75,4.5
谷川舞桜,女性,14.0,15.0,-1.0,女,0,4.5,6.0,5.5
谷川舞桜,男性,18.0,15.0,3.0,女,1,4.5,6.0,5.5
飛澤佑季,女性,17.0,17.0,0.0,男,1,5.5,5.75,6.5
飛澤佑季,男性,10.0,20.0,-10.0,男,0,5.5,5.75,6.5
﨑谷瑠愛,女性,13.0,14.0,-1.0,女,0,6.25,6.0,6.5
﨑谷瑠愛,男性,15.0,16.0,-1.0,女,1,6.25,6.0,6.5
