氏名,participant_gender,experimenter_gender,present,absent,diff,body_score
久保田翔帆,女,女性,20.0,18.0,2.0,5.1
久保田翔帆,女,男性,13.0,13.0,0.0,5.1
伊藤駿之介,男,女性,12.0,9.0,3.0,6.1
伊藤駿之介,男,男性,14.0,15.0,-1.0,6.1
利光唯,女,女性,13.0,11.0,2.0,3.3
利光唯,女,男性,13.0,17.0,-4.0,3.3
北村佳資,男,女性,15.0,15.0,0.0,3.7
北村佳資,男,男性,8.0,13.0,-5.0,3.7
北野安樹子,女,女性,19.0,16.0,3.0,6.5
北野安樹子,女,男性,15.0,14.0,1.0,6.5
小島夏美,女,女性,13.0,14.0,-1.0,5.300000000000001
小島夏美,女,男性,17.0,13.0,4.0,5.300000000000001
小西真結,女,女性,15.0,15.0,0.0,4.8
小西真結,女,男性,17.0,14.0,3.0,4.8
日野快人,男,女性,12.0,13.0,-1.0,4.7
日野快人,男,男性,10.0,14.0,-4.0,4.7
本多快,男,女性,13.0,15.0,-2.0,6.300000000000001
本多快,男,男性,13.0,13.0,0.0,6.300000000000001
杉江鎌,男,女性,17.0,16.0,1.0,6.5
杉江鎌,男,男性,17.0,19.0,-2.0,6.5
横山秀侑,男,女性,11.0,16.0,-5.0,5.1
横山秀侑,男,男性,16.0,11.0,5.0,5.1
池田滉成,男,女性,23.0,22.0,1.0,5.4
池田滉成,男,男性,19.0,18.0,1.0,5.4
清水拓海,男,女性,13.0,15.0,-2.0,4.2
清水拓海,男,男性,11.0,17.0,-6.0,4.2
渡辺怜,女,女性,14.0,18.0,-4.0,6.6
渡辺怜,女,男性,13.0,13.0,0.0,6.6
細見涼乃,女,女性,20.0,17.0,3.0,4.6
細見涼乃,女,男性,12.0,18.0,-6.0,4.6
葭田桃花,女,女性,20.0,20.0,0.0,5.2
葭田桃花,女,男性,15.0,16.0,-1.0,5.2
西岡謙介,男,女性,18.0,18.0,0.0,5.0
西岡謙介,男,男性,18.0,15.0,3.0,5.0
谷川舞桜,女,女性,14.0,15.0,-1.0,5.3
谷川舞桜,女,男性,18.0,15.0,3.0,5.3
飛澤佑季,男,女性,17.0,17.0,0.0,5.8
飛澤佑季,男,男性,10.0,20.0,-10.0,5.8
﨑谷瑠愛,女,女性,13.0,14.0,-1.0,6.199999999999999
﨑谷瑠愛,女,男性,15.0,16.0,-1.0,6.199999999999999
