氏名,被験者の性別,relation,agency,absent,present,diff
北野安樹子,女性,Different,5.125,50.0,50.0,0.0
北野安樹子,女性,Same,5.125,50.0,50.0,0.0
本多快,男性,Different,4.875,45.0,50.0,5.0
本多快,男性,Same,4.875,60.0,60.0,0.0
杉江鎌,男性,Different,5.625,50.0,50.0,0.0
杉江鎌,男性,Same,5.625,50.0,45.0,-5.0
横山秀侑,男性,Different,5.0,75.0,90.0,15.0
横山秀侑,男性,Same,5.0,75.0,45.0,-30.0
池田滉成,男性,Different,5.0,50.0,60.0,10.0
池田滉成,男性,Same,5.0,60.0,60.0,0.0
渡辺怜,女性,Different,5.25,50.0,60.0,10.0
渡辺怜,女性,Same,5.25,70.0,50.0,-20.0
細見涼乃,女性,Different,5.0,50.0,50.0,0.0
細見涼乃,女性,Same,5.0,50.0,50.0,0.0
葭田桃花,女性,Different,5.0,50.0,60.0,10.0
葭田桃花,女性,Same,5.0,50.0,50.0,0.0
飛澤佑季,男性,Different,5.25,30.0,80.0,50.0
飛澤佑季,男性,Same,5.25,50.0,50.0,0.0
﨑谷瑠愛,女性,Different,5.625,55.0,60.0,5.0
﨑谷瑠愛,女性,Same,5.625,50.0,55.0,5.0
