氏名,被験者の性別,実験者の性別,ボイスチェンジャー,第１ラウンド,第２ラウンド,第３ラウンド,第４ラウンド,
伊藤駿之介,男性,女性,なし,90,拒否,70,拒否,
伊藤駿之介,男性,女性,あり,80,拒否,60,拒否,
伊藤駿之介,男性,男性,なし,90,受諾,70,拒否,
伊藤駿之介,男性,男性,あり,70,受諾,60,受諾,
横山秀侑,男性,女性,なし,75,受諾,60,受諾,
横山秀侑,男性,男性,なし,75,受諾,85,受諾,
横山秀侑,男性,女性,あり,90,受諾,88,受諾,
横山秀侑,男性,男性,あり,45,受諾,30,受諾,
杉江鎌,男性,女性,なし,50,受諾,65,受諾,
杉江鎌,男性,男性,なし,50,受諾,80,受諾,
杉江鎌,男性,女性,あり,50,受諾,70,受諾,
杉江鎌,男性,男性,あり,45,受諾,72,受諾,
清水拓海,男性,女性,なし,55,受諾,52,拒否,
清水拓海,男性,女性,あり,50,受諾,60,受諾,
清水拓海,男性,男性,なし,50,受諾,55,拒否,
清水拓海,男性,男性,あり,50,受諾,80,受諾,
西岡謙介,男性,男性,あり,50,受諾,55,受諾,
西岡謙介,男性,男性,なし,55,受諾,30,拒否,
西岡謙介,男性,女性,あり,100,拒否,60,拒否,
西岡謙介,男性,女性,なし,80,受諾,90,拒否,
池田滉成,男性,女性,あり,60,受諾,50,受諾,
池田滉成,男性,男性,あり,60,受諾,50,拒否,
池田滉成,男性,女性,なし,50,受諾,70,受諾,
池田滉成,男性,男性,なし,60,受諾,65,拒否,
日野快人,男性,男性,あり,50,受諾,60,拒否,
日野快人,男性,男性,なし,65,受諾,53,受諾,
日野快人,男性,女性,あり,50,受諾,50,拒否,
日野快人,男性,女性,なし,60,受諾,60,拒否,
飛澤佑季,男性,男性,あり,50,受諾,60,拒否,
飛澤佑季,男性,女性,なし,30,受諾,70,受諾,
飛澤佑季,男性,男性,なし,50,受諾,60,受諾,
飛澤佑季,男性,女性,あり,80,受諾,10,受諾,
北村佳資,男性,男性,あり,65,受諾,80,拒否,
北村佳資,男性,男性,なし,50,受諾,80,受諾,
北村佳資,男性,女性,あり,50,受諾,65,受諾,
北村佳資,男性,女性,なし,70,受諾,90,受諾,
本多快,男性,女性,なし,45,受諾,60,受諾,
本多快,男性,女性,あり,50,受諾,75,受諾,
本多快,男性,男性,あり,60,受諾,70,受諾,
本多快,男性,男性,なし,60,受諾,80,受諾,
久保田翔帆,女性,女性,あり,75,受諾,50,拒否,
久保田翔帆,女性,女性,なし,100,拒否,75,拒否,
久保田翔帆,女性,男性,なし,100,拒否,75,拒否,
久保田翔帆,女性,男性,あり,75,受諾,100,拒否,
細見涼乃,女性,女性,あり,50,受諾,50,拒否,
細見涼乃,女性,男性,あり,50,受諾,50,拒否,
細見涼乃,女性,女性,なし,50,受諾,60,拒否,
細見涼乃,女性,男性,なし,50,受諾,60,拒否,
小西真結,女性,女性,なし,50,受諾,60,受諾,
小西真結,女性,男性,なし,50,受諾,70,受諾,
小西真結,女性,女性,あり,60,受諾,70,受諾,
小西真結,女性,男性,あり,60,受諾,75,受諾,
小島夏美,女性,男性,あり,60,受諾,70,受諾,
小島夏美,女性,男性,なし,50,拒否,75,受諾,
小島夏美,女性,女性,あり,50,受諾,55,拒否,
小島夏美,女性,女性,なし,75,受諾,80,受諾,
谷川舞桜,女性,男性,なし,60,受諾,70,拒否,
谷川舞桜,女性,女性,あり,70,受諾,80,拒否,
谷川舞桜,女性,男性,あり,90,受諾,55,拒否,
谷川舞桜,女性,女性,なし,50,受諾,60,拒否,
渡辺怜,女性,男性,あり,60,受諾,70,受諾,
渡辺怜,女性,女性,あり,50,受諾,60,受諾,
渡辺怜,女性,女性,なし,70,受諾,70,受諾,
渡辺怜,女性,男性,なし,50,受諾,60,受諾,
北野安樹子,女性,女性,なし,50,受諾,40,受諾,
北野安樹子,女性,男性,なし,50,受諾,40,受諾,
北野安樹子,女性,女性,あり,50,拒否,40,受諾,
北野安樹子,女性,男性,あり,50,受諾,40,受諾,
利光唯,女性,女性,なし,50,受諾,50,受諾,
利光唯,女性,女性,あり,50,受諾,50,受諾,
利光唯,女性,男性,あり,50,受諾,50,受諾,
利光唯,女性,男性,なし,50,受諾,50,受諾,
葭田桃花,女性,女性,あり,50,受諾,60,受諾,
葭田桃花,女性,男性,あり,60,受諾,65,受諾,
葭田桃花,女性,女性,なし,50,受諾,70,受諾,
葭田桃花,女性,男性,なし,50,受諾,80,受諾,
﨑谷瑠愛,女性,女性,なし,50,受諾,55,拒否,
﨑谷瑠愛,女性,女性,あり,55,受諾,52,拒否,
﨑谷瑠愛,女性,男性,あり,60,受諾,55,拒否,
﨑谷瑠愛,女性,男性,なし,55,受諾,50,拒否,