氏名,被験者の性別,実験者の性別,ボイスチェンジャー,第４ラウンド
伊藤駿之介,男性,女性,なし,拒否
伊藤駿之介,男性,女性,あり,拒否
伊藤駿之介,男性,男性,なし,拒否
伊藤駿之介,男性,男性,あり,受諾
横山秀侑,男性,女性,なし,受諾
横山秀侑,男性,男性,なし,受諾
横山秀侑,男性,女性,あり,受諾
横山秀侑,男性,男性,あり,受諾
杉江鎌,男性,女性,なし,受諾
杉江鎌,男性,男性,なし,受諾
杉江鎌,男性,女性,あり,受諾
杉江鎌,男性,男性,あり,受諾
清水拓海,男性,女性,なし,拒否
清水拓海,男性,女性,あり,受諾
清水拓海,男性,男性,なし,拒否
清水拓海,男性,男性,あり,受諾
西岡謙介,男性,男性,あり,受諾
西岡謙介,男性,男性,なし,拒否
西岡謙介,男性,女性,あり,拒否
西岡謙介,男性,女性,なし,拒否
池田滉成,男性,女性,あり,受諾
池田滉成,男性,男性,あり,拒否
池田滉成,男性,女性,なし,受諾
池田滉成,男性,男性,なし,拒否
日野快人,男性,男性,あり,拒否
日野快人,男性,男性,なし,受諾
日野快人,男性,女性,あり,拒否
日野快人,男性,女性,なし,拒否
飛澤佑季,男性,男性,あり,拒否
飛澤佑季,男性,女性,なし,受諾
飛澤佑季,男性,男性,なし,受諾
飛澤佑季,男性,女性,あり,受諾
北村佳資,男性,男性,あり,拒否
北村佳資,男性,男性,なし,受諾
北村佳資,男性,女性,あり,受諾
北村佳資,男性,女性,なし,受諾
本多快,男性,女性,なし,受諾
本多快,男性,女性,あり,受諾
本多快,男性,男性,あり,受諾
本多快,男性,男性,なし,受諾
久保田翔帆,女性,女性,あり,拒否
久保田翔帆,女性,女性,なし,拒否
久保田翔帆,女性,男性,なし,拒否
久保田翔帆,女性,男性,あり,拒否
細見涼乃,女性,女性,あり,拒否
細見涼乃,女性,男性,あり,拒否
細見涼乃,女性,女性,なし,拒否
細見涼乃,女性,男性,なし,拒否
小西真結,女性,女性,なし,受諾
小西真結,女性,男性,なし,受諾
小西真結,女性,女性,あり,受諾
小西真結,女性,男性,あり,受諾
小島夏美,女性,男性,あり,受諾
小島夏美,女性,男性,なし,受諾
小島夏美,女性,女性,あり,拒否
小島夏美,女性,女性,なし,受諾
谷川舞桜,女性,男性,なし,拒否
谷川舞桜,女性,女性,あり,拒否
谷川舞桜,女性,男性,あり,拒否
谷川舞桜,女性,女性,なし,拒否
渡辺怜,女性,男性,あり,受諾
渡辺怜,女性,女性,あり,受諾
渡辺怜,女性,女性,なし,受諾
渡辺怜,女性,男性,なし,受諾
北野安樹子,女性,女性,なし,受諾
北野安樹子,女性,男性,なし,受諾
北野安樹子,女性,女性,あり,受諾
北野安樹子,女性,男性,あり,受諾
利光唯,女性,女性,なし,受諾
利光唯,女性,女性,あり,受諾
利光唯,女性,男性,あり,受諾
利光唯,女性,男性,なし,受諾
葭田桃花,女性,女性,あり,受諾
葭田桃花,女性,男性,あり,受諾
葭田桃花,女性,女性,なし,受諾
葭田桃花,女性,男性,なし,受諾
﨑谷瑠愛,女性,女性,なし,拒否
﨑谷瑠愛,女性,女性,あり,拒否
﨑谷瑠愛,女性,男性,あり,拒否
﨑谷瑠愛,女性,男性,なし,拒否
