name,男被_男性実_なし,男被_男性実_あり,女被_女性実_なし,女被_女性実_あり,男被_女性実_なし,男被_女性実_あり,女被_男性実_なし,女被_男性実_あり
伊藤駿之介,90,70,,,90,80,,
横山秀侑,75,45,,,75,90,,
杉江鎌,50,45,,,50,50,,
清水拓海,50,50,,,55,50,,
西岡謙介,55,50,,,80,100,,
池田滉成,60,60,,,50,60,,
日野快人,65,50,,,60,50,,
飛澤佑季,50,50,,,30,80,,
北村佳資,50,65,,,70,50,,
本多快,60,60,,,45,50,,
久保田翔帆,, ,100,75,, ,100,75
細見涼乃,, ,50,50,, ,50,50
小西真結,, ,50,60,, ,50,60
小島夏美,, ,75,50,, ,50,60
谷川舞桜,, ,50,70,, ,60,90
渡辺怜,, ,70,50,, ,50,60
北野安樹子,, ,50,50,, ,50,50
利光唯,, ,50,50,, ,50,50
葭田桃花,, ,50,50,, ,50,60
﨑谷瑠愛,, ,50,55,, ,55,60
