タイムスタンプ,直前の実験でボイスチェンジャーを使用しましたか,氏名,"自身のアバターの手足は, 自分自身の手足のように感じた","自身のアバターの手足は, 自分自身の手足のようではないと感じた",自身のアバターを「自分の身体」として受け入れていた,自身のアバターを「自分の身体」だと感じることができた,自分の身体はアバターと同じ場所にいるように感じた  ,自分の身体はアバターとは別の場所にあるように感じた  ,自分の意識がアバターと一体化しているように感じた  ,自分はアバターの目から見ているように感じた  ,"自分が「こう動こう」と思ったときに，アバターもそのとおりに動いた  
→意図と動きの一致  ","アバターの動きを自分の思いどおりに操作できた
→全体的な操作感","アバターは自分の動きに連動した
→リアルタイム同期感","アバターは自分とは関係なく勝手に動いていた  
→コントロール喪失感"
2025/09/26 17:23:38,いいえ,清水拓海,3,6,3,3,4,4,6,6,5,5,6,4
2025/09/26 17:37:00,はい,清水拓海,3,5,4,4,5,3,4,4,5,4,5,2
2025/09/26 18:16:13,いいえ,伊藤駿之介,6,2,6,6,7,1,5,7,7,7,6,1
2025/09/26 18:33:40,はい,伊藤駿之介,7,1,6,6,7,1,4,6,6,6,7,1
2025/09/29 14:21:07,はい,小島夏美,6,5,3,5,6,2,5,6,6,6,5,5
2025/09/29 17:36:51,はい,西岡謙介,2,6,3,5,7,1,6,4,7,5,4,1
2025/09/29 17:59:03,いいえ,西岡謙介,3,5,7,7,7,1,6,5,6,5,7,1
2025/09/29 19:22:58,はい,北村佳資,4,4,3,3,7,2,3,4,5,5,5,2
2025/09/29 19:35:49,いいえ,北村佳資,5,2,3,4,2,6,3,3,6,5,6,4
2025/09/29 20:21:31,はい,日野快人,5,3,2,2,6,2,3,5,6,7,7,2
2025/09/29 20:35:45,いいえ,日野快人,4,3,5,5,6,2,5,6,7,6,7,1
2025/09/30 10:14:34,いいえ,本多快,7,1,6,6,6,2,6,6,6,6,6,2
2025/09/30 10:40:55,はい,本多快,7,2,7,6,6,1,6,6,6,7,7,1
2025/09/30 11:41:31,いいえ,飛澤佑季,6,1,5,1,6,6,6,6,6,7,6,1
2025/09/30 17:40:45,いいえ,谷川舞桜,6,1,6,7,6,2,6,6,7,6,6,1
2025/10/06 10:48:50,いいえ,久保田翔帆,2,3,3,3,6,2,5,5,6,6,6,2
2025/10/06 10:58:17,はい,久保田翔帆,6,2,6,6,6,2,6,6,6,6,6,2
2025/10/06 12:04:05,いいえ,小西真結,6,3,5,5,6,1,5,3,3,6,6,2
2025/10/06 12:23:30,はい,小西真結,6,3,3,5,6,2,5,3,3,6,5,2
2025/10/07 10:28:09,はい,池田滉成,5,2,6,6,6,6,5,5,6,6,6,1
2025/10/07 10:45:51,いいえ,池田滉成,5,2,6,6,6,2,5,5,6,7,7,1
2025/10/07 11:24:46,いいえ,北野安樹子,6,2,6,6,7,1,6,5,7,7,7,1
2025/10/07 11:38:14,はい,北野安樹子,7,2,7,6,7,1,7,7,7,7,7,1
2025/10/07 12:07:57,はい,渡邉怜,6,2,7,6,7,1,6,6,7,7,6,1
2025/10/07 12:23:07,いいえ,渡邉怜,7,1,6,7,7,1,7,7,7,7,7,1
2025/10/07 17:01:12,はい,細見涼乃,3,6,3,6,6,4,2,7,1,2,1,6
2025/10/07 17:16:34,いいえ,細見涼乃,1,3,6,5,7,3,4,7,7,7,5,1
2025/10/07 17:49:34,はい,葭田桃花,4,2,5,6,6,5,5,6,6,5,4,5
2025/10/07 18:08:37,いいえ,葭田桃花,5,3,5,5,6,2,5,5,7,7,6,5
2025/10/14 13:39:23,はい,飛澤佑季,6,2,6,6,6,1,4,7,7,6,6,2
2025/10/14 13:47:56,はい,谷川舞桜 ,7,2,5,2,2,2,4,5,3,4,3,5
2025/10/14 13:56:49,はい,利光唯,3,2,3,5,2,6,3,5,6,5,6,2
2025/10/14 14:07:31,いいえ,利光唯,3,2,5,3,2,7,2,5,5,6,6,1
2025/10/14 14:10:22,いいえ,横山秀侑,5,3,2,6,5,2,6,6,2,6,5,4
2025/10/14 14:11:16,はい,横山秀侑,6,3,3,2,6,3,6,6,7,1,6,7
2025/10/14 14:16:34,いいえ,杉江鎌,6,2,5,6,7,2,6,7,7,7,7,1
2025/10/14 14:17:26,はい,杉江鎌,7,2,6,6,7,2,7,7,7,6,7,1
2025/10/14 14:22:02,いいえ,小島夏美,7,2,7,7,4,2,3,6,7,6,7,1
2025/10/14 15:00:48,いいえ,﨑谷瑠愛,5,2,6,6,6,2,6,6,7,7,7,2
2025/10/14 15:02:57,はい,﨑谷瑠愛,6,1,7,7,6,5,7,7,6,7,7,1