タイムスタンプ,氏名,VRゴーグルの使用時間について,VRを使用してどのように感じましたか,主にどのような会話の場面で上のように感じましたか,異なる声のコミュニケーションに対応できましたか？,ボイスチェンジャーが自己表現に影響を与えたと感じましたか？,またボイスチェンジャーを使って話したいと思いますか？,ボイスチェンジャーで変換した声は地声よりも気に入った,ボイスチェンジャーを使用した方が自己開示しやすかった  ,ボイスチェンジャーを使用した方が交渉で強気だった  ,実験を進めていくにつれて，ボイスチェンジャーで変換した声が自分の声のように感じた,ボイスチェンジャーを使用した場合では，普段の自分と違うキャラになったと感じた,ボイスチェンジャーなしの時対話相手の話しやすさについて,ボイスチェンジャー使用時の対話相手の話しやすさについて,対話相手の性別（女性／男性）により話しやすさの違いを感じた方は、どのような場面で違いを感じましたか？,本当にお疲れさまでした！研究に対するフィードバックがあれば記入してください！
2025/09/26 16:28:12,﨑谷瑠愛,ちょうどよい,自信が増した,お金のゲームで断られないとき,少し時間がかかった,多少影響を受けた,あまり使用したくない,1,1,4,2,5,女性相手のほうが話しやすかった,男性相手のほうが話しやすかった,お金のゲームで感じました！女性の方が少し弱気になってしまった…,すごかったです！！！
2025/09/26 20:35:50,伊藤駿之介,ちょうどよい,緊張した,話題について60秒くらい話すとき,少し時間がかかった,強く影響を受けた,あまり使用したくない,1,1,1,3,4,女性相手のほうが話しやすかった,女性相手のほうが話しやすかった,交渉のときに女性の方が柔らかい印象で話しやすく感じました,VRで誰かとコミュニケーションをとったり、ボイスチェンジャーを使ったり初めての体験で面白かったです。緊張しましたが2人とも優しくて実験しやすかったです。ありがとうございました！
2025/09/29 14:28:22,小島夏美,長い,緊張した,対話する時にどこを見て話すか迷ってしまった。,適応できなかった,多少影響を受けた,あまり使用したくない,1,1,1,2,4,女性相手のほうが話しやすかった,女性相手のほうが話しやすかった,相づち,ボイスチェンジャーをした時に声が遅れるのが難しかった
2025/09/29 18:05:38,西岡 謙介,ちょうどよい,緊張した,友達とかとふざけて遊ぶ時が良かったです,少し時間がかかった,強く影響を受けた,あまり使用したくない,4,3,2,2,5,男性相手のほうが話しやすかった,男性相手のほうが話しやすかった,女性,VR利用できて楽しかったです、ボイスチェンジャーの精度が向上するともっとVRでいい経験できるかなと思いました。
2025/09/29 19:39:31,北村 佳資,長い,何も感じなかった,,適応できなかった,多少影響を受けた,ぜひまた使用してみたい,3,3,3,4,4,女性相手のほうが話しやすかった,女性相手のほうが話しやすかった,,ｶﾞﾝﾊﾞｯﾃｪ
2025/09/29 20:42:14,日野快人,ちょうどよい,緊張した,知らない人と喋ってるように感じたため,少し時間がかかった,多少影響を受けた,使用したい,2,3,2,4,4,どちらも変わらない,どちらも変わらない,,VRに慣れるにつれて自分の身体と感じるようになりました
2025/09/30 11:44:33,飛澤佑季,ちょうどよい,何も感じなかった,人と話すより、話題が出てこない,すぐに対応できた,多少影響を受けた,あまり使用したくない,2,1,2,4,2,どちらも変わらない,どちらも変わらない,,男性アバター聞き取りづらかった
2025/09/30 17:43:59,谷川舞桜,ちょうどよい,緊張した,初めてVR使用するので会話したりする時に緊張しました。,少し時間がかかった,強く影響を受けた,使用したい,1,1,1,1,4,女性相手のほうが話しやすかった,女性相手のほうが話しやすかった,会話が途切れそうになった時,ありがとうございました！
2025/10/06 11:00:51,久保田翔帆,ちょうどよい,自信が増した,自分の声で話していないところ,すぐに対応できた,強く影響を受けた,ぜひまた使用してみたい,4,5,2,4,5,どちらも変わらない,どちらも変わらない,,"面白かったです！
どんな指標で結果を評価するのか気になりました。"
2025/10/06 12:27:57,小西真結,ちょうどよい,自信が増した,,すぐに対応できた,あまり影響を受けなかった,使用したい,2,2,4,2,2,女性相手のほうが話しやすかった,男性相手のほうが話しやすかった,,ボイスチェンジャーを使ってアバタと会話したことはなかったので面白かったです。
2025/10/06 18:42:04,横山秀侑,ちょうどよい,自信が増した,自分の趣味や好きなものを話す時,少し時間がかかった,あまり影響を受けなかった,使用したい,2,2,2,1,4,どちらも変わらない,どちらも変わらない,,楽しかったです
2025/10/07 10:49:38,池田滉成,ちょうどよい,何も感じなかった,,すぐに対応できた,あまり影響を受けなかった,ぜひまた使用してみたい,3,2,1,4,3,どちらも変わらない,どちらも変わらない,,ボイスチェンジャーを使用すると声が聞きづらかったりがあるので、アンケートの時正しく質問に解答できてるか不安になることがあった。
2025/10/07 12:00:37,北野安樹子,ちょうどよい,緊張した,1人でテーマについて話すとき。,すぐに対応できた,多少影響を受けた,使用したい,2,1,4,4,2,女性相手のほうが話しやすかった,女性相手のほうが話しやすかった,声のトーンや聞きなれているか等。,とてもおもしろかったです！
2025/10/07 12:35:35,渡邉怜,ちょうどよい,緊張した,自分のことについて話すし時に感じました,すぐに対応できた,多少影響を受けた,使用したい,3,4,4,4,3,女性相手のほうが話しやすかった,女性相手のほうが話しやすかった,交渉の際に感じました,VRやボイスチェンジャーを使用したことがなったのですが、細かく指示していただけたのでとてもやりやすかったです！ありがとうございました！
2025/10/07 18:12:56,葭田桃花,ちょうどよい,緊張した,,少し時間がかかった,多少影響を受けた,ぜひまた使用してみたい,3,4,4,4,4,女性相手のほうが話しやすかった,男性相手のほうが話しやすかった,自分のことを話す場面で、声の響きが同じだと話しやすかった,ありがとうございました！VR初めてだったので楽しかったです！
2025/10/12 14:36:25,杉江鎌,ちょうどよい,何も感じなかった,,すぐに対応できた,あまり影響を受けなかった,使用したい,4,2,1,2,2,どちらも変わらない,どちらも変わらない,,ボイスチェンジャー使用時にも自分の声が聞こえてきてしまうので、ノイズキャンセリングや遅延など考慮すればもっと影響されるのかなと思いました
2025/10/15 16:54:25,利光唯,ちょうどよい,緊張した,,少し時間がかかった,多少影響を受けた,あまり使用したくない,2,3,3,2,4,どちらも変わらない,どちらも変わらない,,ボイスチェンジャーを使用すると自分の声が聞きづらかったので、その影響が大きかったと思います。
2025/10/15 16:56:06,細見涼乃,ちょうどよい,緊張した,,少し時間がかかった,多少影響を受けた,あまり使用したくない,2,2,3,4,4,どちらも変わらない,どちらも変わらない,,無しです
2025/10/15 16:59:04,本多快,ちょうどよい,緊張した,,すぐに対応できた,多少影響を受けた,ぜひまた使用してみたい,2,2,2,3,4,どちらも変わらない,どちらも変わらない,,なし
2026/01/22 21:41:10,清水拓海,ちょうどよい,自信がなくなった,交渉のとき,すぐに対応できた,強く影響を受けた,使用したい,2,3,1,1,5,どちらも変わらない,女性相手のほうが話しやすかった,ボイスチェンジャーで自信が無くなったため,特になし