name,topic,info_unit_score,participant_gender,experimenter_gender,voice_changer,voice_changer_order
杉江鎌,映画,17,男,男性,あり,なし→あり
﨑谷瑠愛,映画,15,女,男性,あり,なし→あり
清水拓海,映画,11,男,男性,あり,なし→あり
伊藤駿之介,映画,14,男,男性,あり,なし→あり
小島夏美,映画,17,女,男性,あり,あり→なし
西岡謙介,映画,18,男,男性,あり,あり→なし
北村佳資,映画,8,男,男性,あり,あり→なし
日野快人,映画,10,男,男性,あり,あり→なし
本多快,映画,13,男,男性,あり,なし→あり
飛澤佑季,映画,10,男,男性,あり,あり→なし
谷川舞桜,映画,18,女,男性,あり,あり→なし
久保田翔帆,映画,13,女,男性,あり,なし→あり
小西真結,映画,17,女,男性,あり,なし→あり
利光唯,映画,13,女,男性,あり,なし→あり
横山秀侑,映画,16,男,男性,あり,なし→あり
池田滉成,映画,19,男,男性,あり,あり→なし
北野安樹子,映画,15,女,男性,あり,なし→あり
渡邉怜,映画,13,女,男性,あり,あり→なし
細見涼乃,映画,12,女,男性,あり,あり→なし
葭田桃花,映画,15,女,男性,あり,あり→なし
杉江鎌,趣味,17,男,女性,あり,なし→あり
﨑谷瑠愛,趣味,13,女,女性,あり,なし→あり
清水拓海,趣味,13,男,女性,あり,なし→あり
伊藤駿之介,趣味,12,男,女性,あり,なし→あり
小島夏美,趣味,13,女,女性,あり,あり→なし
西岡謙介,趣味,18,男,女性,あり,あり→なし
北村佳資,趣味,15,男,女性,あり,あり→なし
日野快人,趣味,12,男,女性,あり,あり→なし
本多快,趣味,13,男,女性,あり,なし→あり
飛澤佑季,趣味,17,男,女性,あり,あり→なし
谷川舞桜,趣味,14,女,女性,あり,あり→なし
久保田翔帆,趣味,20,女,女性,あり,なし→あり
小西真結,趣味,15,女,女性,あり,なし→あり
利光唯,趣味,13,女,女性,あり,なし→あり
横山秀侑,趣味,11,男,女性,あり,なし→あり
池田滉成,趣味,23,男,女性,あり,あり→なし
北野安樹子,趣味,19,女,女性,あり,なし→あり
渡邉怜,趣味,14,女,女性,あり,あり→なし
細見涼乃,趣味,20,女,女性,あり,あり→なし
葭田桃花,趣味,20,女,女性,あり,あり→なし
杉江鎌,好きな食べ物,19,男,男性,なし,なし→あり
﨑谷瑠愛,好きな食べ物,16,女,男性,なし,なし→あり
清水拓海,好きな食べ物,17,男,男性,なし,なし→あり
伊藤駿之介,好きな食べ物,15,男,男性,なし,なし→あり
小島夏美,好きな食べ物,13,女,男性,なし,あり→なし
西岡謙介,好きな食べ物,15,男,男性,なし,あり→なし
北村佳資,好きな食べ物,13,男,男性,なし,あり→なし
日野快人,好きな食べ物,14,男,男性,なし,あり→なし
本多快,好きな食べ物,13,男,男性,なし,なし→あり
飛澤佑季,好きな食べ物,20,男,男性,なし,あり→なし
谷川舞桜,好きな食べ物,15,女,男性,なし,あり→なし
久保田翔帆,好きな食べ物,13,女,男性,なし,なし→あり
小西真結,好きな食べ物,14,女,男性,なし,なし→あり
利光唯,好きな食べ物,17,女,男性,なし,なし→あり
横山秀侑,好きな食べ物,11,男,男性,なし,なし→あり
池田滉成,好きな食べ物,18,男,男性,なし,あり→なし
北野安樹子,好きな食べ物,14,女,男性,なし,なし→あり
渡邉怜,好きな食べ物,13,女,男性,なし,あり→なし
細見涼乃,好きな食べ物,18,女,男性,なし,あり→なし
葭田桃花,好きな食べ物,16,女,男性,なし,あり→なし
杉江鎌,行ってよかった場所,16,男,女性,なし,なし→あり
﨑谷瑠愛,行ってよかった場所,14,女,女性,なし,なし→あり
清水拓海,行ってよかった場所,15,男,女性,なし,なし→あり
伊藤駿之介,行ってよかった場所,9,男,女性,なし,なし→あり
小島夏美,行ってよかった場所,14,女,女性,なし,あり→なし
西岡謙介,行ってよかった場所,18,男,女性,なし,あり→なし
北村佳資,行ってよかった場所,15,男,女性,なし,あり→なし
日野快人,行ってよかった場所,13,男,女性,なし,あり→なし
本多快,行ってよかった場所,15,男,女性,なし,なし→あり
飛澤佑季,行ってよかった場所,17,男,女性,なし,あり→なし
谷川舞桜,行ってよかった場所,15,女,女性,なし,あり→なし
久保田翔帆,行ってよかった場所,18,女,女性,なし,なし→あり
小西真結,行ってよかった場所,15,女,女性,なし,なし→あり
利光唯,行ってよかった場所,11,女,女性,なし,なし→あり
横山秀侑,行ってよかった場所,16,男,女性,なし,なし→あり
池田滉成,行ってよかった場所,22,男,女性,なし,あり→なし
北野安樹子,行ってよかった場所,16,女,女性,なし,なし→あり
渡邉怜,行ってよかった場所,18,女,女性,なし,あり→なし
細見涼乃,行ってよかった場所,17,女,女性,なし,あり→なし
葭田桃花,行ってよかった場所,20,女,女性,なし,あり→なし
