name,result
杉江鎌,"🧩 分析結果（情報単位数: 16）

| 分類 | 情報単位（該当部分） | 定義・理由 |
|------|------------------|-------------|
| 嗜好 | 好きな旅行先はヨーロッパです | 好み・嗜好を述べているため |
| 経験 | 少し前に行ってきたんですけど | 自分の過去の行動経験を述べているため |
| 感情 | 映画の中にいるみたいな気分になりました | 感情的反応を述べているため |
| 感情 | 写真を撮る手が止まらなかったです | 感情的反応を述べているため |
| 思考 | それぞれの国にちゃんと個性があるのが面白かったです | 自己認知的判断を述べているため |
| 嗜好 | フランス料理はちょっと自分の好みに合わなかったけど | 好み・嗜好を述べているため |
| 感情 | 見た目がすごくおしゃれで、食べるのがもったいないくらいでした | 感情的反応を述べているため |
| 嗜好 | パンとかデザートはすごく美味しかったです | 好み・嗜好を述べているため |
| 経験 | いろんな国を巡って | 自分の過去の行動経験を述べているため |
| 経験 | 現地の人と話したり、街を歩いたりしている時間が一番楽しかったです | 自分の過去の行動経験と感情を述べているため |
| 思考 | 今はまだ次の予定はないけど | 自己認知的判断を述べているため |
| 思考 | またヨーロッパに行けたらいいなと思っています | 目標・意図を示しているため |
| 感情 | 夜にライトアップされた建物がきれいで、どこを歩いても絵みたいでした | 感情的反応を述べているため |
| 感情 | なんか時間がゆっくり流れてる感じがして、ずっとそこにいたくなりました | 感情的反応を述べているため |
| 感情 | お土産屋さんをまわるのも楽しくて | 感情的反応を述べているため |
| 感情 | かわいい雑貨とかアクセサリーを見てるだけでワクワクしました | 感情的反応を述べているため |"
﨑谷瑠愛,"🧩 分析結果（情報単位数: 14）

| 分類 | 情報単位（該当部分） | 定義・理由 |
|------|------------------|-------------|
| 嗜好 | 好きな旅行先は和歌山です | 好み・嗜好を述べているため |
| 感情 | 行くだけでちょっと癒やされる感じがする | 感情的反応を述べているため |
| 感情 | 自然がすごくきれいで | 感情的印象を述べているため |
| 感情 | 空気も静かで落ち着きます | 感情的反応を述べているため |
| 経験 | この前行ったときは白浜の方に行った | 自分の過去の行動経験を述べているため |
| 感情 | 海がすごく青くてきれいで | 感情的印象を述べているため |
| 感情 | 砂浜を歩いてるだけでも気持ちよくて | 感情的反応を述べているため |
| 感情 | 空の色が変わっていくのをぼーっと見てる時間がすごく好きでした | 感情を述べているため |
| 感情 | 温泉もあって | 感情的印象を述べているため |
| 感情 | 夜に入ると波の音が聞こえて，それがまたすごく気持ちよかったです | 感情的反応を述べているため |
| 嗜好 | 食べものも美味しくて | 好み・嗜好を述べているため |
| 嗜好 | 海鮮丼が本当に美味しくて | 好み・嗜好を述べているため |
| 思考 | またあの味が食べたいなって思います | 意図・希望を述べているため |
| 思考 | 時間がゆっくり流れてるのがいいなって思いました | 判断・評価を述べているため |"
清水拓海,"🧩 分析結果（情報単位数: 15）

| 分類 | 情報単位（該当部分） | 定義・理由 |
|------|------------------|-------------|
| 経験 | 行って良かった旅行先は城崎温泉です | 自分の旅行経験を述べているため |
| 嗜好 | ショッピンいいなと思って | 自分の嗜好を述べているため |
| 嗜好 | ブルーシールのアイスとかも美味しかったです | 自分の嗜好を述べているため |
| 感情 | 海がすごいきれいですごい楽しかったです | 感情的反応を述べているため |
| 経験 | 沖縄は結構行ってて | 自分の旅行経験を述べているため |
| 経験 | 家族と2回ぐらい修学旅行で2回行って | 自分の旅行経験を述べているため |
| 経験 | 友達ともう1回行きました | 自分の旅行経験を述べているため |
| 経験 | 2回生の夏休みのときにオーストラリアの三ヶ月語学留学の形で行った | 自分の留学経験を述べているため |
| 経験 | 世界遺産のオペラハウスだったり観光した | 自分の観光経験を述べているため |
| 感情 | ちょっと違う景色がすごい楽しかったなあっていう思いがあります | 感情的反応を述べているため |
| 感情 | 何もかもはじめての海外知らないことが起こって日々新しいことが多くて飽きなかったです | 感情的反応を述べているため |

この分析では、話し手が自分の旅行経験や感情、嗜好について述べている部分を細かく抽出し、分類しました。"
伊藤駿之介,"🧩 分析結果（情報単位数: 9）

| 分類 | 情報単位（該当部分） | 定義・理由 |
|------|------------------|-------------|
| 感情 | すごく楽しい | 感情的反応を述べているため |
| 思考 | 旅行に行っても良かったなと思いました | 自己認知的判断を述べているため |
| 経験 | 何回か行ったことがあって | 自分の過去の行動経験を述べているため |
| 経験 | 最近今年の時は | 自分の過去の行動経験を述べているため |
| 感情 | すごくきれいでした | 感情的反応を述べているため |
| 感情 | 楽しかったです | 感情的反応を述べているため |
| 経験 | サンダルを履いて、歩いていました | 自分の行動を述べているため |
| 感情 | 砂浜がとても暑くて、歩きにくい時もあった | 感情的反応を述べているため |
| 経験 | その時はサンダルを履いて、歩いていました | 自分の行動を述べているため |"
小島夏美,"🧩 分析結果（情報単位数: 14）

| 分類 | 情報単位（該当部分） | 定義・理由 |
|------|------------------|-------------|
| 経験 | 行って良かったところは茨城県のひたちなか海浜公園 | 自分の行動経験を述べているため |
| 嗜好 | お花がめちゃくちゃされているのが良い | 好み・嗜好を述べているため |
| 嗜好 | ペットとかも公園内に入れるのが良い | 好み・嗜好を述べているため |
| 嗜好 | 動物とお花を同時に見ることができるのが良い | 好み・嗜好を述べているため |
| 経験 | 4月に行った | 自分の行動経験を述べているため |
| 嗜好 | 大好きなチューリップとネモフィラ | 好み・嗜好を述べているため |
| 感情 | 超映え映えでした | 感情的反応を述べているため |
| 嗜好 | 色とか配置をこだわられていて良かった | 好み・嗜好を述べているため |
| 感情 | 見てて飽きない空間が良かった | 感情的反応を述べているため |
| 思考 | 行くのがすごく大変だと思いました | 自己認知的判断を述べているため |
| 思考 | 滞在時間が短い茨城旅やったけどお花が見れて大満足でした | 自己認知的判断を述べているため |
| 思考 | ほかの季節も見たい | 目標・意図を示しているため |
| 思考 | その近くに藤が綺麗なところがあるらしくて行ってみたいなって思いました | 目標・意図を示しているため |
| 感情 | なつみちゃんは大満足でした | 感情的反応を述べているため |"
西岡謙介,"🧩 分析結果（情報単位数: 18）

| 分類 | 情報単位（該当部分） | 定義・理由 |
|------|------------------|-------------|
| 嗜好 | コーラが一番おいしかった | 好み・嗜好を述べているため |
| 感情 | 行くまでも楽しい | 感情的反応を述べているため |
| 嗜好 | バスケが好き | 好み・嗜好を述べているため |
| 嗜好 | 野球が好き | 好み・嗜好を述べているため |
| 思考 | どうせ食べるならいいかなって思った | 判断・意図を示しているため |
| 経験 | 車を運転した | 自分の行動経験を述べているため |
| 感情 | 楽しい運転ができて楽しかった | 感情的反応を述べているため |
| 思考 | ロサンゼルスがいいかなと思いました | 判断・意図を示しているため |
| 思考 | 半袖半パンでいけると思った | 判断・意図を示しているため |
| 思考 | めちゃくちゃいい体験ができてすごいなあって思います | 判断・意図を示しているため |
| 嗜好 | 自分の推しは岐阜県 | 好み・嗜好を述べているため |
| 経験 | 飛騨高山とかに行く | 自分の行動経験を述べているため |
| 嗜好 | 伝統的な料理が食べて | 好み・嗜好を述べているため |
| 嗜好 | 白菜漬けをお好み焼きにしたみたいなのが一番おいしいかなって思って | 好み・嗜好を述べているため |
| 思考 | お勧めします | 判断・意図を示しているため |

情報単位数: 18"
北村佳資,"🧩 分析結果（情報単位数: 15）

| 分類 | 情報単位（該当部分） | 定義・理由 |
|------|------------------|-------------|
| 経験 | 最近言ったところで言うと万博です | 自分の最近の行動経験を述べているため |
| 属性 | 関西圏出身で | 自分の出身を述べているため |
| 経験 | 自分で行ったっていうか予約とかしたわけじゃなくて | 自分の行動について述べているため |
| 経験 | ランチのショーケース出るために行ったんですよ | 自分の行動経験を述べているため |
| 感情 | 正直またそんな万博さんメッチャ観なかったんですけど | 自分の感情的反応を述べているため |
| 感情 | 言ったら言ったで今思う良かったね | 自分の感情的反応を述べているため |
| 感情 | 相当めっちゃでかいんで | 自分の感情的反応を述べているため |
| 感情 | めっちゃ不思議な感覚になれるようにですよ | 自分の感情的反応を述べているため |
| 嗜好 | 何も並ぶのが嫌だったんで | 自分の嗜好を述べているため |
| 経験 | 友だちが働いてる6000僕のところにビッグデイトしてもらって | 自分の行動経験を述べているため |
| 思考 | 行く時はめっちゃ対策して行った方がいいです | 自分の考え・意図を述べているため |
| 思考 | 対策を取った方が良いです | 自分の考え・意図を述べているため |
| 思考 | 牛とか持ってた方が良いですね | 自分の考え・意図を述べているため |
| 感情 | 面白かったですね | 自分の感情的反応を述べているため |
| 感情 | 良かったです | 自分の感情的反応を述べているため |"
日野快人,"🧩 分析結果（情報単位数: 13）

| 分類 | 情報単位（該当部分） | 定義・理由 |
|------|------------------|-------------|
| 経験 | 行って良かったなと思った | 自分の旅行経験に対する評価を述べているため |
| 経験 | おかげ横丁にも食べ歩きした | 自分の行動経験を述べているため |
| 経験 | 食べ歩きし他方2回生で寝るんだけどして帰ってゆっくりしてみたいな旅行した | 自分の旅行経験を述べているため |
| 属性 | 普段大阪にいる | 自分の居住地を述べているため |
| 感情 | 自然とかちょっと感じにくい | 自分の感情的反応を述べているため |
| 感情 | 行って良かったので癒されたなあって | 自分の感情的反応を述べているため |
| 経験 | 和歌山の熊野古道を今のことっていうのはまあ神社に舞お参りをする | 自分の行動経験を述べているため |
| 経験 | お坊さんたちのある神社までの道ちょっと1週昔の昔にあるしまあ綺麗に垂れてない人がだんだん階段状に変えていました | 自分の行動経験を述べているため |
| 経験 | お坊さんが賛同した道をなぞって歩くで上がりきったらまあ特に神社になる | 自分の行動経験を述べているため |
| 感情 | 神社色々見てて面白かったです | 自分の感情的反応を述べているため |
| 感情 | すごい僕のことだけじゃなくてあっちとか神社色々見てて面白かったです | 自分の感情的反応を述べているため |
| 思考 | 行って良かったなと思った | 自分の判断を述べているため |
| 思考 | 癒されたなあってしたら | 自分の感情的反応を述べているため |"
本多快,"🧩 分析結果（情報単位数: 15）

| 分類 | 情報単位（該当部分） | 定義・理由 |
|------|------------------|-------------|
| 感情 | 一番楽しかった旅行先はベトナムです | 感情を述べているため |
| 経験 | 一ヶ月前にベトナムに海外いった | 自分の行動経験を述べているため |
| 経験 | ベトナム二か月いました | 自分の行動経験を述べているため |
| 経験 | 週に5日8時から5時までオフィスで働いて | 自分の行動経験を述べているため |
| 経験 | その後は旅行っていうか観光をいっぱいしました | 自分の行動経験を述べているため |
| 感情 | 人とのコミュニケーションがとてもちょっとできて楽しかったです | 感情を述べているため |
| 感情 | 人の親切な気持ちがとってもうれしくて | 感情を述べているため |
| 感情 | 一ヶ月のがめっちゃ流行ってめっちゃ楽しかったです | 感情を述べているため |
| 感情 | 沖縄も楽しかったです | 感情を述べているため |
| 経験 | 沖縄はサークルの友達とサークルの旅行みたいなので30人ぐらい行った | 自分の行動経験を述べているため |
| 経験 | サークル行ったけど全く聞いたことない後輩とか観光業とかしてパッと遊べば楽しいです | 自分の行動経験を述べているため |
| 思考 | 新しい関係を続けたことが僕の良かったなと思います | 自己認知的判断を述べているため |

この分析では、話し手が自分の感情や経験について述べている部分を細かく抽出し、それぞれの情報単位として分類しました。"
飛澤佑季,"🧩 分析結果（情報単位数: 17）

| 分類 | 情報単位（該当部分） | 定義・理由 |
|------|------------------|-------------|
| 経験 | 福岡の博多と別府に2泊に行った | 自分の旅行経験を述べているため |
| 思考 | 面白かったなと思っています | 自分の評価・思考を述べているため |
| 経験 | 1日目に博多に行って | 自分の旅行経験を述べているため |
| 経験 | 中須の所とか天神の方行って | 自分の行動経験を述べているため |
| 経験 | 4軒ぐらいお店行って | 自分の行動経験を述べているため |
| 経験 | 飲み明かして | 自分の行動経験を述べているため |
| 経験 | その次の日に別府にそのまま電車で移動して | 自分の行動経験を述べているため |
| 経験 | 温泉で1日ゆっくりして | 自分の行動経験を述べているため |
| 経験 | ラーメン食べて帰った | 自分の行動経験を述べているため |
| 思考 | 面白かったなと思います | 自分の評価・思考を述べているため |
| 思考 | 博多でいいなと思ったのは | 自分の評価・思考を述べているため |
| 思考 | 屋台でラーメン食ったりおでん食ったりするのがローカル感ってはいいなと思って | 自分の評価・思考を述べているため |
| 感情 | 楽しかったです | 自分の感情を述べているため |
| 経験 | ハワイ行った時なんですが | 自分の旅行経験を述べているため |
| 嗜好 | 海、汚いのとかあんま好きじゃないので | 自分の嗜好を述べているため |
| 経験 | ホテルについているプール、何個かそのホテルに、2、3個違うプールがあって、いろんなプール端をして、一人で遊んでた | 自分の行動経験を述べているため |
| 感情 | 楽しかったです | 自分の感情を述べているため |"
谷川舞桜,"🧩 分析結果（情報単位数: 15）

| 分類 | 情報単位（該当部分） | 定義・理由 |
|------|------------------|-------------|
| 嗜好 | 行ってよかったところは沖縄です | 好み・嗜好を述べているため |
| 経験 | 今年のクラウジに行った | 自分の行動経験を述べているため |
| 感情 | すごく楽しかったです | 感情を述べているため |
| 経験 | ダイビングした | 自分の行動経験を述べているため |
| 感情 | めちゃくちゃ綺麗で | 感情的印象を述べているため |
| 感情 | すごく怖かったです | 感情を述べているため |
| 感情 | おかしいでした | 感情的印象を述べているため |
| 嗜好 | ご飯が美味しくて | 好み・嗜好を述べているため |
| 経験 | いっぱい食べました | 自分の行動経験を述べているため |
| 思考 | そっちの方もいいなと思いました | 思考・判断を述べているため |
| 思考 | 自然を楽しみたいなと思ってます | 意図・目標を述べているため |
| 経験 | 友人も一緒にいました | 自分の行動経験を述べているため |
| 思考 | 今はまた、そっちの方にも行きたいなと思ってます | 思考・意図を述べているため |
| 嗜好 | どれもおいしかったです | 好み・嗜好を述べているため |
| 嗜好 | コンビニで売っている沖縄そばでもすごくおいしかったです | 好み・嗜好を述べているため |"
久保田翔帆,"🧩 分析結果（情報単位数: 18）

| 分類 | 情報単位（該当部分） | 定義・理由 |
|------|------------------|-------------|
| 経験 | 私は去年ベトナムに行ってきて | 自分の過去の行動経験を述べているため |
| 経験 | 1週間行きました | 自分の過去の行動経験を述べているため |
| 嗜好 | おいしいご飯を食べられて | 好み・嗜好を述べているため |
| 嗜好 | 日本とは違うご飯を食べられたのが良かったです | 好み・嗜好を述べているため |
| 感情 | 良かったです | 感情を述べているため |
| 思考 | 日本とかいつもとは違う景色が見れたのは良かったと思います | 自己認知的判断を述べているため |
| 感情 | 良かったと思います | 感情を述べているため |
| 思考 | 日本人がこういう国民性があるんだなっていうのを外から見れたのが良かったと思います | 自己認知的判断を述べているため |
| 感情 | 良かったと思います | 感情を述べているため |
| 経験 | 友達と一緒に行ったので | 自分の過去の行動経験を述べているため |
| 感情 | 友達と一緒に時間を過ごせたのが楽しかったです | 感情を述べているため |
| 感情 | 楽しかったです | 感情を述べているため |
| 思考 | ベトナムの交通ルールが面白くて | 自己認知的判断を述べているため |
| 感情 | 楽しいなと思いました | 感情を述べているため |
| 嗜好 | ご飯の一番美味しかったご飯のフォーを食べた | 好み・嗜好を述べているため |
| 思考 | 日本のご飯と違って面白かったです | 自己認知的判断を述べているため |
| 嗜好 | フォーの中にもいろんな味があって | 好み・嗜好を述べているため |
| 思考 | また食べたいなと思いました | 目標・意図を示しているため |"
小西真結,"🧩 分析結果（情報単位数: 15）

| 分類 | 情報単位（該当部分） | 定義・理由 |
|------|------------------|-------------|
| 経験 | 今年の夏休み9月の最初の方に名古屋の方に旅行に行った | 自分の行動経験を述べているため |
| 経験 | 名古屋でいろんなとこ巡った | 自分の行動経験を述べているため |
| 嗜好 | 名古屋はご飯が結構おいしくて | 食べ物に対する嗜好を述べているため |
| 経験 | 名古屋コーチン親子丼とか食べたり | 自分の行動経験を述べているため |
| 経験 | 味噌カツ、ヤバトンのカツとか食べたり | 自分の行動経験を述べているため |
| 経験 | いろいろいっぱい食べました | 自分の行動経験を述べているため |
| 感情 | めっちゃ行ってよかったです | 感情的反応を述べているため |
| 経験 | 名古屋港水族館に行ってイルカショーを見た | 自分の行動経験を述べているため |
| 感情 | これもとてもよかったです | 感情的反応を述べているため |
| 経験 | 名古屋港水族館にも行って | 自分の行動経験を述べているため |
| 経験 | 真珠を自分で貝殻から取って | 自分の行動経験を述べているため |
| 思考 | それをやってみたいなと思って | 自分の意図・考えを述べているため |
| 経験 | やってみて | 自分の行動経験を述べているため |
| 経験 | 自分のオリジナルのアクセサリーが作れた | 自分の行動経験を述べているため |
| 感情 | とってもそれは良かったです | 感情的反応を述べているため |"
利光唯,"🧩 分析結果（情報単位数: 11）

| 分類 | 情報単位（該当部分） | 定義・理由 |
|------|------------------|-------------|
| 思考 | いってよかったなって思います | 自分の判断・思考を述べているため |
| 感情 | 人生で一番綺麗でした | 自分の感情的評価を述べているため |
| 思考 | 行ってよかったと思います | 自分の判断・思考を述べているため |
| 経験 | 山登りして氷が濡れたり | 自分の行動経験を述べているため |
| 経験 | 周りの広い草原の中から水を濡れたり | 自分の行動経験を述べているため |
| 経験 | ドライブしたり | 自分の行動経験を述べているため |
| 思考 | 良かったかなというふうに思います | 自分の判断・思考を述べているため |
| 思考 | いい場所だったなって思います | 自分の判断・思考を述べているため |
| 経験 | クルーズして一泊できた | 自分の行動経験を述べているため |
| 感情 | すごく堪能できて | 自分の感情的評価を述べているため |
| 思考 | いい場所だったなって思います | 自分の判断・思考を述べているため |"
横山秀侑,"🧩 分析結果（情報単位数: 16）

| 分類 | 情報単位（該当部分） | 定義・理由 |
|------|------------------|-------------|
| 経験 | 1年前の夏休みに行った | 自分の過去の行動経験を述べているため |
| 経験 | 上高地が一番良かった | 自分の過去の体験に対する評価を述べているため |
| 思考 | パッと思い浮かぶ | 自分の思考過程を述べているため |
| 経験 | 彼女と行った | 自分の過去の行動経験を述べているため |
| 嗜好 | 自然みたいなところ今まで興味なくて | 自分の過去の嗜好を述べているため |
| 経験 | ほぼ初めてくらいそういう観光地とか行きました | 自分の過去の行動経験を述べているため |
| 感情 | 自然綺麗なところに行きました | 自分の感情的反応を述べているため |
| 感情 | 空気も進んでいました | 自分の感情的反応を述べているため |
| 感情 | 普通に楽しかった | 自分の感情を述べているため |
| 思考 | いい思い出になった | 自分の思考・評価を述べているため |
| 思考 | もう一回行きたいなって思った | 自分の意図・願望を述べているため |
| 経験 | 長野の旅行に行った | 自分の過去の行動経験を述べているため |
| 感情 | 空気が美味しかった | 自分の感情的反応を述べているため |
| 感情 | 大自然って感じだった | 自分の感情的反応を述べているため |
| 感情 | ちょい喧嘩した | 自分の感情的反応を述べているため |
| 思考 | もう一回いきたいなっていうところは強いです | 自分の意図・願望を述べているため |"
池田滉成,"🧩 分析結果（情報単位数: 22）

| 分類 | 情報単位（該当部分） | 定義・理由 |
|------|------------------|-------------|
| 嗜好 | 最近は温泉しか行ってない | 最近の行動パターンを述べているため |
| 経験 | 福根温泉に行きました | 過去の行動経験を述べているため |
| 経験 | 下呂温泉に行きました | 過去の行動経験を述べているため |
| 経験 | 城崎温泉に行きました | 過去の行動経験を述べているため |
| 思考 | 箱根温泉は良かったです | 温泉に対する評価を述べているため |
| 思考 | 美術館とかも近くにあったりして面白かったです | 観光地に対する評価を述べているため |
| 思考 | 大涌谷が面白かったです | 観光地に対する評価を述べているため |
| 思考 | 城崎温泉が結構良かったかなと思っています | 温泉に対する評価を述べているため |
| 思考 | カニがすごく美味しかったです | 食べ物に対する評価を述べているため |
| 経験 | 温泉めぐりで7個ぐらい温泉に回ることができた | 過去の行動経験を述べているため |
| 思考 | それも結構良かったかなと思います | 温泉めぐりに対する評価を述べているため |
| 経験 | 石川に学会で行った | 過去の行動経験を述べているため |
| 思考 | 石川も全然観光できなかった | 行動に対する評価を述べているため |
| 思考 | 石川の食べ物とかお寿司がすごくよかったかなと思っています | 食べ物に対する評価を述べているため |
| 経験 | 昔北海道に行ったことがある | 過去の行動経験を述べているため |
| 思考 | 北海道も結構食べ物も美味しいです | 食べ物に対する評価を述べているため |
| 経験 | ホエールウォッチングをした | 過去の行動経験を述べているため |
| 思考 | 観光と食べることの両立もできたかなというふうに思っています | 行動に対する評価を述べているため |
| 思考 | 九州も行きたいなと思っていて | 未来の行動意図を述べているため |
| 嗜好 | 温泉好きなので | 嗜好を述べているため |
| 思考 | 別府温泉には行きたいなと思っています | 未来の行動意図を述べているため |
| 嗜好 | 釣りが好き | 嗜好を述べているため |"
北野安樹子,"🧩 分析結果（情報単位数: 16）

| 分類 | 情報単位（該当部分） | 定義・理由 |
|------|------------------|-------------|
| 嗜好 | 行ってよかった旅行先はオーストラリアです | 好み・嗜好を述べているため |
| 感情 | 初めてで緊張した | 感情を述べているため |
| 感情 | すごく毎日楽しかったです | 感情を述べているため |
| 感情 | 人生で一番良かったなみたいな感じです | 感情を述べているため |
| 嗜好 | 行っていよかったというところは沖縄の石垣島 | 好み・嗜好を述べているため |
| 感情 | 結構楽しかったです | 感情を述べているため |
| 感情 | そんなに楽しかったし | 感情を述べているため |
| 感情 | 食べてる時間が一番幸せでした | 感情を述べているため |
| 経験 | アクティビティでバラボートとか、海で遊んだり | 自分の行動経験を述べているため |
| 嗜好 | 石垣牛ってお肉がめちゃめちゃ美味しくて | 好み・嗜好を述べているため |
| 経験 | 沖縄の居酒屋みたいなところを行った | 自分の行動経験を述べているため |
| 嗜好 | 沖縄独自の居酒屋の雰囲気が楽しかったです | 好み・嗜好を述べているため |
| 感情 | 盛り上がっていくのが楽しかったです | 感情を述べているため |
| 思考 | ホストファミリーみたいな人もイベントとか考えたり | 他者の行動に対する思考を述べているため |
| 思考 | 1個のイベントを大事にする文化があって | 他者の文化に対する思考を述べているため |
| 感情 | みんなすごくフレンドリーで、すぐに話しかけてくれて | 他者の行動に対する感情を述べているため |"
渡辺怜,"🧩 分析結果（情報単位数: 18）

| 分類 | 情報単位（該当部分） | 定義・理由 |
|------|------------------|-------------|
| 嗜好 | 好きな旅行先は，東京ディズニーランドとシーです | 好み・嗜好を述べているため |
| 嗜好 | 結構ディズニー自体が好きで | 特定対象への嗜好を述べているため |
| 嗜好 | ディズニーランドとシーはディズニーの世界に入れるので、好きな旅行先になっています | 好み・嗜好を述べているため |
| 嗜好 | ディズニーの世界に入るプラスアトラクションとか楽しいので好きです | 好み・嗜好を述べているため |
| 嗜好 | 特に好きなアトラクションは，ランドで言うとビジョンと野獣 | 特定対象への嗜好を述べているため |
| 嗜好 | ディズニーシーだとインディージョンズが好きです | 特定対象への嗜好を述べているため |
| 嗜好 | どっちも好きな映画というのもあるんですけど | 特定対象への嗜好を述べているため |
| 嗜好 | 美女と野獣は世界観に特に入り込みやすくて，感動するアトラクションなので好きです | 特定対象への嗜好を述べているため |
| 嗜好 | インディージョーンズは絶叫系とかはあまり得意じゃないんですけど | 特定対象への嗜好を述べているため |
| 嗜好 | インディージョーンズのアトラクションは私の行ける絶叫系の中で違う楽しさがあり | 特定対象への嗜好を述べているため |
| 嗜好 | 速さとかアトラクション内の周りのものとかもすごい好きなので好きなアトラクションです | 特定対象への嗜好を述べているため |
| 嗜好 | 他にも好きなアトラクションがあって | 特定対象への嗜好を述べているため |
| 嗜好 | あともう一個ソアリンが好きなんですけど | 特定対象への嗜好を述べているため |
| 思考 | 結構昔から小さい時から空飛んでみたいなと思ってたので | 考え・意図を述べているため |
| 嗜好 | ソアリンのアトラクションは色んな国を鳥になった気分で飛べるので飛べるのですごい好きなアトラクションです | 特定対象への嗜好を述べているため |

情報単位数: 18"
細見涼乃,"🧩 分析結果（情報単位数: 17）

| 分類 | 情報単位（該当部分） | 定義・理由 |
|------|------------------|-------------|
| 経験 | 行ってよかった場所は上海です | 自分の経験を述べているため |
| 経験 | 人生初海外が上海だった | 自分の経験を述べているため |
| 思考 | 素敵な国だなと思いました | 自分の考えを述べているため |
| 経験 | 女の子の友達3人と上海に行った | 自分の経験を述べているため |
| 経験 | いろいろ回りつつ上海ディズニーにも行きました | 自分の経験を述べているため |
| 思考 | 上海ディズニーがすごい素敵な場所だなと思った | 自分の考えを述べているため |
| 思考 | 日本のディズニーだったらめっちゃ混んでて、すごい並ぶと思う | 自分の考えを述べているため |
| 思考 | 上海ディズニーだと全然並ばないので、気持ち楽にいろんな乗り物をたくさん乗ることができました | 自分の考えを述べているため |
| 経験 | ズートピアのエリアが，上海ディズニーにしかないということで行ってきた | 自分の経験を述べているため |
| 感情 | めちゃめちゃ素敵やった | 自分の感情を述べているため |
| 思考 | 上海ディズニーは本当におすすめです | 自分の考えを述べているため |
| 感情 | 足が本当に疲れる | 自分の感情を述べているため |
| 思考 | 次の日はあまり歩かない予定にした方が良いと思います | 自分の考えを述べているため |
| 思考 | ぜひ行ってほしいです | 自分の考えを述べているため |
| 思考 | 早めに行ってほしいなと思いました | 自分の考えを述べているため |
| 経験 | 私たちは結構ギリギリに行ってしまった | 自分の経験を述べているため |
| 感情 | ちょっとそこだけが後悔です | 自分の感情を述べているため |"
葭田桃花,"🧩 分析結果（情報単位数: 20）

| 分類 | 情報単位（該当部分） | 定義・理由 |
|------|------------------|-------------|
| 嗜好 | 私の好きな旅行先は沖縄です | 好み・嗜好を述べているため |
| 経験 | 最近行ったんですけど | 自分の行動経験を述べているため |
| 経験 | プレーに行ったので全然記憶いなかったんですけど | 自分の行動経験を述べているため |
| 経験 | ほぼ初めてで | 自分の経験を述べているため |
| 感情 | 海がとても綺麗で | 印象を述べているため |
| 経験 | 沖縄そば食べたんですけど | 自分の行動経験を述べているため |
| 嗜好 | 麺類の中で一番好きだった | 好み・嗜好を述べているため |
| 感情 | めっちゃ美味しくて | 感情的反応を述べているため |
| 感情 | 食べ物、海ぶどうとかも美味しくて | 感情的反応を述べているため |
| 感情 | すごく食物でも美味しかったので良かったです | 感情的反応を述べているため |
| 経験 | パラスエディングとかもして | 自分の行動経験を述べているため |
| 感情 | めっちゃ思い出に残りました | 感情的反応を述べているため |
| 経験 | レンタカーして友達と色々移動できたので | 自分の行動経験を述べているため |
| 経験 | 普段あんまり車で出かけたりしないんですけど | 自分の行動経験を述べているため |
| 感情 | 結構運転楽しかったです | 感情的反応を述べているため |
| 経験 | ボディジュエリーとかもして | 自分の行動経験を述べているため |
| 思考 | 写真撮るときにかわいいかなと思って | 自己認知的判断を述べているため |
| 経験 | ハイビスカスのお花買ったり | 自分の行動経験を述べているため |
| 感情 | それもすごい良かったです | 感情的反応を述べているため |
| 感情 | 飛行機乗るのもすごい楽しかったし | 感情的反応を述べているため |"
