,F1,F2,F3,F4
"自身のアバターの手足は, 自分自身の手足のように感じた",-0.04,0.222,-0.935,-0.092
"自身のアバターの手足は, 自分自身の手足のようではないと感じた",-0.458,-0.261,-0.73,-0.225
自身のアバターを「自分の身体」として受け入れていた,-0.509,0.136,-0.352,-0.571
自身のアバターを「自分の身体」だと感じることができた,-0.221,0.346,-0.116,-0.598
自分の身体はアバターと同じ場所にいるように感じた,-0.204,0.801,0.102,-0.304
自分の身体はアバターとは別の場所にあるように感じた,-0.073,0.876,-0.163,0.034
自分の意識がアバターと一体化しているように感じた,-0.218,0.576,-0.302,-0.281
自分はアバターの目から見ているように感じた,-0.007,0.088,-0.138,-0.87
自分が「こう動こう」と思ったときに，アバターもそのとおりに動いた →意図と動きの一致,-0.67,0.109,-0.027,-0.315
アバターの動きを自分の思いどおりに操作できた →全体的な操作感,-0.783,0.167,-0.215,-0.072
アバターは自分の動きに連動した →リアルタイム同期感,-0.796,0.122,-0.331,-0.002
アバターは自分とは関係なく勝手に動いていた →コントロール喪失感,-0.867,0.137,0.023,-0.079
