タイムスタンプ,氏名,被験者の性別,なしー男性1,なしー男性2,なしー男性3,なしー男性4,なしー男性5,なしー女性1,なしー女性2,なしー女性3,なしー女性4,なしー女性5,ありー男性1,ありー男性2,ありー男性3,ありー男性4,ありー男性5,ありー女性1,ありー女性2,ありー女性3,ありー女性4,ありー女性5
10/24/2025 16:41:36,﨑谷瑠愛,女性,293,,,,,280,298,,,,332,,,,,305,335,30,,
10/24/2025 16:47:11,清水拓海,男性,262,300,,,,183,259,394,,,120,256,346,390,446,310,315,,,
10/24/2025 16:49:32,伊藤駿之介,男性,177,286,350,414,472,187,250,355,,,203,278,341,401,,228,382,408,,
10/24/2025 16:54:07,小島夏美,女性,354,,,,,270,374,,,,335,370,,,,297,366,,,
10/24/2025 16:57:43,西岡謙介,男性,307,319,,,,364,407,,,,260,295,,,,250,345,440,,
10/24/2025 17:02:14,北村佳資,男性,321,371,,,,299,343,,,,255,300,311,326,,297,366,,,
10/24/2025 17:03:33,日野快人,男性,403,464,,,,410,437,,,,409,442,,,,405,436,,,
10/24/2025 17:07:19,本多快,男性,363,398,,,,343,416,,,,323,380,,,,418,431,,,
10/24/2025 17:08:58,飛澤佑季,男性,431,472,,,,466,473,,,,411,456,461,468,,445,455,,,
10/24/2025 17:10:44,谷川舞桜 ,女性,431,447,,,,485,,,,,422,447,470,,,441,467,,,
10/24/2025 17:16:59,久保田翔帆,女性,384,450,,,,420,488,,,,421,461,478,,,383,428,450,459,
10/24/2025 17:18:34,小西真結,女性,340,382,,,,396,482,,,,367,,,,,371,389,,,
10/24/2025 17:19:35,利光 唯,女性,468,,,,,462,474,488,,,474,,,,,472,488,,,
10/24/2025 17:24:54,横山秀侑,男性,460,474,,,,419,488,,,,387,391,,,,328,372,,,
10/24/2025 17:27:14,池田滉成,男性,335,385,398,410,,348,378,393,408,420,339,363,,,,314,367,401,,
10/24/2025 17:28:12,北野安樹子,女性,462,472,,,,462,472,,,,432,,,,,445,,,,
10/24/2025 17:29:23,渡辺怜,女性,454,481,,,,464,475,,,,434,457,,,,404,448,473,,
10/24/2025 17:31:14,細見涼乃,女性,420,430,,,,435,456,,,,422,441,,,,429,446,449,,
10/24/2025 17:33:14,葭田桃花,女性,372,,,,,390,454,,,,385,426,,,,304,398,468,,
10/24/2025 19:00:07,杉江鎌,男性,280,320,390,,,280,304,340,,,290,332,,,,300,340,366,,