氏名,被験者性別,条件,実験者性別,試行,距離
﨑谷瑠愛,女性,なし,男性,1,293
﨑谷瑠愛,女性,なし,女性,1,280
﨑谷瑠愛,女性,なし,女性,2,298
﨑谷瑠愛,女性,あり,男性,1,332
﨑谷瑠愛,女性,あり,女性,1,305
﨑谷瑠愛,女性,あり,女性,2,335
﨑谷瑠愛,女性,あり,女性,3,30
清水拓海,男性,なし,男性,1,262
清水拓海,男性,なし,男性,2,300
清水拓海,男性,なし,女性,1,183
清水拓海,男性,なし,女性,2,259
清水拓海,男性,なし,女性,3,394
清水拓海,男性,あり,男性,1,120
清水拓海,男性,あり,男性,2,256
清水拓海,男性,あり,男性,3,346
清水拓海,男性,あり,男性,4,390
清水拓海,男性,あり,男性,5,446
清水拓海,男性,あり,女性,1,310
清水拓海,男性,あり,女性,2,315
伊藤駿之介,男性,なし,男性,1,177
伊藤駿之介,男性,なし,男性,2,286
伊藤駿之介,男性,なし,男性,3,350
伊藤駿之介,男性,なし,男性,4,414
伊藤駿之介,男性,なし,男性,5,472
伊藤駿之介,男性,なし,女性,1,187
伊藤駿之介,男性,なし,女性,2,250
伊藤駿之介,男性,なし,女性,3,355
伊藤駿之介,男性,あり,男性,1,203
伊藤駿之介,男性,あり,男性,2,278
伊藤駿之介,男性,あり,男性,3,341
伊藤駿之介,男性,あり,男性,4,401
伊藤駿之介,男性,あり,女性,1,228
伊藤駿之介,男性,あり,女性,2,382
伊藤駿之介,男性,あり,女性,3,408
小島夏美,女性,なし,男性,1,354
小島夏美,女性,なし,女性,1,270
小島夏美,女性,なし,女性,2,374
小島夏美,女性,あり,男性,1,335
小島夏美,女性,あり,男性,2,370
小島夏美,女性,あり,女性,1,297
小島夏美,女性,あり,女性,2,366
西岡謙介,男性,なし,男性,1,307
西岡謙介,男性,なし,男性,2,319
西岡謙介,男性,なし,女性,1,364
西岡謙介,男性,なし,女性,2,407
西岡謙介,男性,あり,男性,1,260
西岡謙介,男性,あり,男性,2,295
西岡謙介,男性,あり,女性,1,250
西岡謙介,男性,あり,女性,2,345
西岡謙介,男性,あり,女性,3,440
北村佳資,男性,なし,男性,1,321
北村佳資,男性,なし,男性,2,371
北村佳資,男性,なし,女性,1,299
北村佳資,男性,なし,女性,2,343
北村佳資,男性,あり,男性,1,255
北村佳資,男性,あり,男性,2,300
北村佳資,男性,あり,男性,3,311
北村佳資,男性,あり,男性,4,326
北村佳資,男性,あり,女性,1,297
北村佳資,男性,あり,女性,2,366
日野快人,男性,なし,男性,1,403
日野快人,男性,なし,男性,2,464
日野快人,男性,なし,女性,1,410
日野快人,男性,なし,女性,2,437
日野快人,男性,あり,男性,1,409
日野快人,男性,あり,男性,2,442
日野快人,男性,あり,女性,1,405
日野快人,男性,あり,女性,2,436
本多快,男性,なし,男性,1,363
本多快,男性,なし,男性,2,398
本多快,男性,なし,女性,1,343
本多快,男性,なし,女性,2,416
本多快,男性,あり,男性,1,323
本多快,男性,あり,男性,2,380
本多快,男性,あり,女性,1,418
本多快,男性,あり,女性,2,431
飛澤佑季,男性,なし,男性,1,431
飛澤佑季,男性,なし,男性,2,472
飛澤佑季,男性,なし,女性,1,466
飛澤佑季,男性,なし,女性,2,473
飛澤佑季,男性,あり,男性,1,411
飛澤佑季,男性,あり,男性,2,456
飛澤佑季,男性,あり,男性,3,461
飛澤佑季,男性,あり,男性,4,468
飛澤佑季,男性,あり,女性,1,445
飛澤佑季,男性,あり,女性,2,455
谷川舞桜 ,女性,なし,男性,1,431
谷川舞桜 ,女性,なし,男性,2,447
谷川舞桜 ,女性,なし,女性,1,485
谷川舞桜 ,女性,あり,男性,1,422
谷川舞桜 ,女性,あり,男性,2,447
谷川舞桜 ,女性,あり,男性,3,470
谷川舞桜 ,女性,あり,女性,1,441
谷川舞桜 ,女性,あり,女性,2,467
久保田翔帆,女性,なし,男性,1,384
久保田翔帆,女性,なし,男性,2,450
久保田翔帆,女性,なし,女性,1,420
久保田翔帆,女性,なし,女性,2,488
久保田翔帆,女性,あり,男性,1,421
久保田翔帆,女性,あり,男性,2,461
久保田翔帆,女性,あり,男性,3,478
久保田翔帆,女性,あり,女性,1,383
久保田翔帆,女性,あり,女性,2,428
久保田翔帆,女性,あり,女性,3,450
久保田翔帆,女性,あり,女性,4,459
小西真結,女性,なし,男性,1,340
小西真結,女性,なし,男性,2,382
小西真結,女性,なし,女性,1,396
小西真結,女性,なし,女性,2,482
小西真結,女性,あり,男性,1,367
小西真結,女性,あり,女性,1,371
小西真結,女性,あり,女性,2,389
利光 唯,女性,なし,男性,1,468
利光 唯,女性,なし,女性,1,462
利光 唯,女性,なし,女性,2,474
利光 唯,女性,なし,女性,3,488
利光 唯,女性,あり,男性,1,474
利光 唯,女性,あり,女性,1,472
利光 唯,女性,あり,女性,2,488
横山秀侑,男性,なし,男性,1,460
横山秀侑,男性,なし,男性,2,474
横山秀侑,男性,なし,女性,1,419
横山秀侑,男性,なし,女性,2,488
横山秀侑,男性,あり,男性,1,387
横山秀侑,男性,あり,男性,2,391
横山秀侑,男性,あり,女性,1,328
横山秀侑,男性,あり,女性,2,372
池田滉成,男性,なし,男性,1,335
池田滉成,男性,なし,男性,2,385
池田滉成,男性,なし,男性,3,398
池田滉成,男性,なし,男性,4,410
池田滉成,男性,なし,女性,1,348
池田滉成,男性,なし,女性,2,378
池田滉成,男性,なし,女性,3,393
池田滉成,男性,なし,女性,4,408
池田滉成,男性,なし,女性,5,420
池田滉成,男性,あり,男性,1,339
池田滉成,男性,あり,男性,2,363
池田滉成,男性,あり,女性,1,314
池田滉成,男性,あり,女性,2,367
池田滉成,男性,あり,女性,3,401
北野安樹子,女性,なし,男性,1,462
北野安樹子,女性,なし,男性,2,472
北野安樹子,女性,なし,女性,1,462
北野安樹子,女性,なし,女性,2,472
北野安樹子,女性,あり,男性,1,432
北野安樹子,女性,あり,女性,1,445
渡辺怜,女性,なし,男性,1,454
渡辺怜,女性,なし,男性,2,481
渡辺怜,女性,なし,女性,1,464
渡辺怜,女性,なし,女性,2,475
渡辺怜,女性,あり,男性,1,434
渡辺怜,女性,あり,男性,2,457
渡辺怜,女性,あり,女性,1,404
渡辺怜,女性,あり,女性,2,448
渡辺怜,女性,あり,女性,3,473
細見涼乃,女性,なし,男性,1,420
細見涼乃,女性,なし,男性,2,430
細見涼乃,女性,なし,女性,1,435
細見涼乃,女性,なし,女性,2,456
細見涼乃,女性,あり,男性,1,422
細見涼乃,女性,あり,男性,2,441
細見涼乃,女性,あり,女性,1,429
細見涼乃,女性,あり,女性,2,446
細見涼乃,女性,あり,女性,3,449
葭田桃花,女性,なし,男性,1,372
葭田桃花,女性,なし,女性,1,390
葭田桃花,女性,なし,女性,2,454
葭田桃花,女性,あり,男性,1,385
葭田桃花,女性,あり,男性,2,426
葭田桃花,女性,あり,女性,1,304
葭田桃花,女性,あり,女性,2,398
葭田桃花,女性,あり,女性,3,468
杉江鎌,男性,なし,男性,1,280
杉江鎌,男性,なし,男性,2,320
杉江鎌,男性,なし,男性,3,390
杉江鎌,男性,なし,女性,1,280
杉江鎌,男性,なし,女性,2,304
杉江鎌,男性,なし,女性,3,340
杉江鎌,男性,あり,男性,1,290
杉江鎌,男性,あり,男性,2,332
杉江鎌,男性,あり,女性,1,300
杉江鎌,男性,あり,女性,2,340
杉江鎌,男性,あり,女性,3,366
