氏名,被験者性別,条件,実験者性別,距離
﨑谷瑠愛,女性,なし,男性,293
﨑谷瑠愛,女性,なし,女性,298
﨑谷瑠愛,女性,あり,男性,332
﨑谷瑠愛,女性,あり,女性,30
清水拓海,男性,なし,男性,300
清水拓海,男性,なし,女性,259
清水拓海,男性,なし,女性,394
清水拓海,男性,あり,男性,446
清水拓海,男性,あり,女性,315
伊藤駿之介,男性,なし,男性,472
伊藤駿之介,男性,なし,女性,355
伊藤駿之介,男性,あり,男性,401
伊藤駿之介,男性,あり,女性,408
小島夏美,女性,なし,男性,354
小島夏美,女性,なし,女性,374
小島夏美,女性,あり,男性,370
小島夏美,女性,あり,女性,366
西岡謙介,男性,なし,男性,319
西岡謙介,男性,なし,女性,407
西岡謙介,男性,あり,男性,295
西岡謙介,男性,あり,女性,440
北村佳資,男性,なし,男性,371
北村佳資,男性,なし,女性,343
北村佳資,男性,あり,男性,326
北村佳資,男性,あり,女性,366
日野快人,男性,なし,男性,464
日野快人,男性,なし,女性,437
日野快人,男性,あり,男性,442
日野快人,男性,あり,女性,436
本多快,男性,なし,男性,398
本多快,男性,なし,女性,416
本多快,男性,あり,男性,380
本多快,男性,あり,女性,431
飛澤佑季,男性,なし,男性,472
飛澤佑季,男性,なし,女性,473
飛澤佑季,男性,あり,男性,468
飛澤佑季,男性,あり,女性,455
谷川舞桜,女性,なし,男性,447
谷川舞桜,女性,なし,女性,485
谷川舞桜,女性,あり,男性,470
谷川舞桜,女性,あり,女性,467
久保田翔帆,女性,なし,男性,450
久保田翔帆,女性,なし,女性,488
久保田翔帆,女性,あり,男性,478
久保田翔帆,女性,あり,女性,459
小西真結,女性,なし,男性,382
小西真結,女性,なし,女性,482
小西真結,女性,あり,男性,367
小西真結,女性,あり,女性,389
利光唯,女性,なし,男性,468
利光唯,女性,なし,女性,488
利光唯,女性,あり,男性,474
利光唯,女性,あり,女性,488
横山秀侑,男性,なし,男性,474
横山秀侑,男性,なし,女性,488
横山秀侑,男性,あり,男性,391
横山秀侑,男性,あり,女性,372
池田滉成,男性,なし,男性,410
池田滉成,男性,なし,女性,420
池田滉成,男性,あり,男性,363
池田滉成,男性,あり,女性,401
北野安樹子,女性,なし,男性,472
北野安樹子,女性,なし,女性,472
北野安樹子,女性,あり,男性,432
北野安樹子,女性,あり,女性,445
渡辺怜,女性,なし,男性,481
渡辺怜,女性,なし,女性,475
渡辺怜,女性,あり,男性,457
渡辺怜,女性,あり,女性,473
細見涼乃,女性,なし,男性,430
細見涼乃,女性,なし,女性,456
細見涼乃,女性,あり,男性,441
細見涼乃,女性,あり,女性,449
葭田桃花,女性,なし,男性,372
葭田桃花,女性,なし,女性,454
葭田桃花,女性,あり,男性,385
葭田桃花,女性,あり,女性,468
杉江鎌,男性,なし,男性,390
杉江鎌,男性,なし,女性,340
杉江鎌,男性,あり,男性,332
杉江鎌,男性,あり,女性,366
