氏名,被験者性別,実験者性別,なし距離,あり距離,距離差分(あり-なし),なし回数,あり回数,回数差分(あり-なし)
﨑谷瑠愛,女性,男性,293.0,332.0,39.0,1,1,0
﨑谷瑠愛,女性,女性,298.0,30.0,-268.0,2,3,1
清水拓海,男性,男性,300.0,446.0,146.0,2,5,3
清水拓海,男性,女性,394.0,315.0,-79.0,3,2,-1
伊藤駿之介,男性,男性,472.0,401.0,-71.0,5,4,-1
伊藤駿之介,男性,女性,355.0,408.0,53.0,3,3,0
小島夏美,女性,男性,354.0,370.0,16.0,1,2,1
小島夏美,女性,女性,374.0,366.0,-8.0,2,2,0
西岡謙介,男性,男性,319.0,295.0,-24.0,2,2,0
西岡謙介,男性,女性,407.0,440.0,33.0,2,3,1
北村佳資,男性,男性,371.0,326.0,-45.0,2,4,2
北村佳資,男性,女性,343.0,366.0,23.0,2,2,0
日野快人,男性,男性,464.0,442.0,-22.0,2,2,0
日野快人,男性,女性,437.0,436.0,-1.0,2,2,0
本多快,男性,男性,398.0,380.0,-18.0,2,2,0
本多快,男性,女性,416.0,431.0,15.0,2,2,0
飛澤佑季,男性,男性,472.0,468.0,-4.0,2,4,2
飛澤佑季,男性,女性,473.0,455.0,-18.0,2,2,0
谷川舞桜 ,女性,男性,447.0,470.0,23.0,2,3,1
谷川舞桜 ,女性,女性,485.0,467.0,-18.0,1,2,1
久保田翔帆,女性,男性,450.0,478.0,28.0,2,3,1
久保田翔帆,女性,女性,488.0,459.0,-29.0,2,4,2
小西真結,女性,男性,382.0,367.0,-15.0,2,1,-1
小西真結,女性,女性,482.0,389.0,-93.0,2,2,0
利光 唯,女性,男性,468.0,474.0,6.0,1,1,0
利光 唯,女性,女性,488.0,488.0,0.0,3,2,-1
横山秀侑,男性,男性,474.0,391.0,-83.0,2,2,0
横山秀侑,男性,女性,488.0,372.0,-116.0,2,2,0
池田滉成,男性,男性,410.0,363.0,-47.0,4,2,-2
池田滉成,男性,女性,420.0,401.0,-19.0,5,3,-2
北野安樹子,女性,男性,472.0,432.0,-40.0,2,1,-1
北野安樹子,女性,女性,472.0,445.0,-27.0,2,1,-1
渡辺怜,女性,男性,481.0,457.0,-24.0,2,2,0
渡辺怜,女性,女性,475.0,473.0,-2.0,2,3,1
細見涼乃,女性,男性,430.0,441.0,11.0,2,2,0
細見涼乃,女性,女性,456.0,449.0,-7.0,2,3,1
葭田桃花,女性,男性,372.0,426.0,54.0,1,2,1
葭田桃花,女性,女性,454.0,468.0,14.0,2,3,1
杉江鎌,男性,男性,390.0,332.0,-58.0,3,2,-1
杉江鎌,男性,女性,340.0,366.0,26.0,3,3,0
